{
  "avg_tokens_generated": 165.0229007633588,
  "total_tokens_generated": 108090,
  "acceptance_rate": 0.8895292314429604,
  "accuracy": 0.8305343511450382,
  "total_samples": 655,
  "avg_ttft_ms": 128691.04905528876,
  "avg_itl_ms": 43.4329694265987,
  "tokens_per_second": 390.2957619913274,
  "total_duration_sec": 276.94382190704346,
  "peak_vram_gb": 38.750572204589844,
  "experiment_name": "cod_medium_benchmark_speculative",
  "use_speculative": true,
  "num_speculative_tokens": 5,
  "num_draft_tokens": 114175,
  "num_accepted_tokens": 101562,
  "system_efficiency": 0.48725491076641186
}