{
  "avg_tokens_generated": 512.0,
  "total_tokens_generated": 512000,
  "acceptance_rate": 0.0,
  "accuracy": 0.11200000000000002,
  "total_samples": 1000,
  "avg_ttft_ms": 900579.2227067947,
  "avg_itl_ms": 56.4289634302404,
  "tokens_per_second": 277.87245809529986,
  "total_duration_sec": 1842.571960926056,
  "peak_vram_gb": 37.535550594329834,
  "experiment_name": "base_hard_benchmark_baseline",
  "use_speculative": false,
  "num_speculative_tokens": 0,
  "num_draft_tokens": 0,
  "num_accepted_tokens": 0,
  "system_efficiency": 0.0
}