{
  "avg_tokens_generated": 225.4534351145038,
  "total_tokens_generated": 147672,
  "acceptance_rate": 0.0,
  "accuracy": 0.7755725190839695,
  "total_samples": 655,
  "avg_ttft_ms": 237123.39700014537,
  "avg_itl_ms": 60.03193387815852,
  "tokens_per_second": 259.7128911019195,
  "total_duration_sec": 568.5971126556396,
  "peak_vram_gb": 37.286516189575195,
  "experiment_name": "cot_medium_benchmark_baseline",
  "use_speculative": false,
  "num_speculative_tokens": 0,
  "num_draft_tokens": 0,
  "num_accepted_tokens": 0,
  "system_efficiency": 0.0
}